{
    "animations": [{
        "fps": 29,
        "name": "default",
        "tracks": []
    }],
    "geometries": [{
        "type": "Geometry",
        "data": {
            "vertices": [0,-0.5,0.5,0.1294,-0.483,0.5,0.25,-0.433,0.5,0.3536,-0.3536,0.5,0.433,-0.25,0.5,0.483,-0.1294,0.5,0.5,0,0.5,0.483,0.1294,0.5,0.433,0.25,0.5,0.3536,0.3536,0.5,0.25,0.433,0.5,0.1294,0.483,0.5,0,0.5,0.5,-0.1294,0.483,0.5,-0.25,0.433,0.5,-0.3536,0.3536,0.5,-0.433,0.25,0.5,-0.483,0.1294,0.5,-0.5,0,0.5,-0.483,-0.1294,0.5,-0.433,-0.25,0.5,-0.3536,-0.3536,0.5,-0.25,-0.433,0.5,-0.1294,-0.483,0.5,0,-0.5,-0.5,0.1294,-0.483,-0.5,0.25,-0.433,-0.5,0.3536,-0.3536,-0.5,0.433,-0.25,-0.5,0.483,-0.1294,-0.5,0.5,0,-0.5,0.483,0.1294,-0.5,0.433,0.25,-0.5,0.3536,0.3536,-0.5,0.25,0.433,-0.5,0.1294,0.483,-0.5,0,0.5,-0.5,-0.1294,0.483,-0.5,-0.25,0.433,-0.5,-0.3536,0.3536,-0.5,-0.433,0.25,-0.5,-0.483,0.1294,-0.5,-0.5,0,-0.5,-0.483,-0.1294,-0.5,-0.433,-0.25,-0.5,-0.3536,-0.3536,-0.5,-0.25,-0.433,-0.5,-0.1294,-0.483,-0.5,0,0,0.5,0,0,-0.5],
            "uvs": [[0.5,0,0.6294,0.017,0.75,0.067,0.8536,0.1464,0.933,0.25,0.983,0.3706,1,0.5,0.983,0.6294,0.933,0.75,0.8536,0.8536,0.75,0.933,0.6294,0.983,0.5,1,0.3706,0.983,0.25,0.933,0.1464,0.8536,0.067,0.75,0.017,0.6294,0,0.5,0.017,0.3706,0.067,0.25,0.1464,0.1464,0.25,0.067,0.3706,0.017,0.5,0.5]],
            "bones": [],
            "metadata": {
                "faces": 72,
                "vertices": 50,
                "materials": 1,
                "version": 3,
                "uvs": 1,
                "bones": 0,
                "generator": "io_three",
                "normals": 50,
                "morphTargets": 0
            },
            "morphTargets": [],
            "normals": [0,-0.734184,0.678915,0,-0.734184,-0.678915,0.190069,-0.709281,-0.678793,0.190069,-0.709281,0.678793,0.366985,-0.635853,-0.678945,0.366985,-0.635853,0.678945,0.519272,-0.519272,-0.678732,0.519272,-0.519272,0.678732,0.635853,-0.366985,-0.678945,0.635853,-0.366985,0.678945,0.709281,-0.190069,-0.678793,0.709281,-0.190069,0.678793,0.734184,0,-0.678915,0.734184,0,0.678915,0.709281,0.190069,-0.678793,0.709281,0.190069,0.678793,0.635853,0.366985,-0.678945,0.635853,0.366985,0.678945,0.519272,0.519272,-0.678732,0.519272,0.519272,0.678732,0.366985,0.635853,-0.678945,0.366985,0.635853,0.678945,0.190069,0.709281,-0.678793,0.190069,0.709281,0.678793,0,0.734184,-0.678915,0,0.734184,0.678915,-0.190069,0.709281,-0.678793,-0.190069,0.709281,0.678793,-0.366985,0.635853,-0.678945,-0.366985,0.635853,0.678945,-0.519272,0.519272,-0.678732,-0.519272,0.519272,0.678732,-0.635853,0.366985,-0.678945,-0.635853,0.366985,0.678945,-0.709281,0.190069,-0.678793,-0.709281,0.190069,0.678793,-0.734184,0,-0.678915,-0.734184,0,0.678915,-0.709281,-0.190069,-0.678793,-0.709281,-0.190069,0.678793,-0.635853,-0.366985,-0.678945,-0.635853,-0.366985,0.678945,-0.519272,-0.519272,-0.678732,-0.519272,-0.519272,0.678732,-0.366985,-0.635853,-0.678945,-0.366985,-0.635853,0.678945,-0.190069,-0.709281,-0.678793,-0.190069,-0.709281,0.678793,0,0,1,0,0,-1],
            "animations": [],
            "skinIndices": [],
            "faces": [43,0,24,25,1,0,0,0,1,1,0,1,2,3,43,1,25,26,2,0,1,1,2,2,3,2,4,5,43,2,26,27,3,0,2,2,3,3,5,4,6,7,43,3,27,28,4,0,3,3,4,4,7,6,8,9,43,4,28,29,5,0,4,4,5,5,9,8,10,11,43,5,29,30,6,0,5,5,6,6,11,10,12,13,43,6,30,31,7,0,6,6,7,7,13,12,14,15,43,7,31,32,8,0,7,7,8,8,15,14,16,17,43,8,32,33,9,0,8,8,9,9,17,16,18,19,43,9,33,34,10,0,9,9,10,10,19,18,20,21,43,10,34,35,11,0,10,10,11,11,21,20,22,23,43,11,35,36,12,0,11,11,12,12,23,22,24,25,43,12,36,37,13,0,12,12,13,13,25,24,26,27,43,13,37,38,14,0,13,13,14,14,27,26,28,29,43,14,38,39,15,0,14,14,15,15,29,28,30,31,43,15,39,40,16,0,15,15,16,16,31,30,32,33,43,16,40,41,17,0,16,16,17,17,33,32,34,35,43,17,41,42,18,0,17,17,18,18,35,34,36,37,43,18,42,43,19,0,18,18,19,19,37,36,38,39,43,19,43,44,20,0,19,19,20,20,39,38,40,41,43,20,44,45,21,0,20,20,21,21,41,40,42,43,43,21,45,46,22,0,21,21,22,22,43,42,44,45,43,22,46,47,23,0,22,22,23,23,45,44,46,47,43,24,0,23,47,0,0,0,23,23,1,0,47,46,42,0,1,48,0,0,1,24,0,3,48,42,1,2,48,0,1,2,24,3,5,48,42,2,3,48,0,2,3,24,5,7,48,42,3,4,48,0,3,4,24,7,9,48,42,4,5,48,0,4,5,24,9,11,48,42,5,6,48,0,5,6,24,11,13,48,42,6,7,48,0,6,7,24,13,15,48,42,7,8,48,0,7,8,24,15,17,48,42,8,9,48,0,8,9,24,17,19,48,42,9,10,48,0,9,10,24,19,21,48,42,10,11,48,0,10,11,24,21,23,48,42,11,12,48,0,11,12,24,23,25,48,42,12,13,48,0,12,13,24,25,27,48,42,13,14,48,0,13,14,24,27,29,48,42,14,15,48,0,14,15,24,29,31,48,42,15,16,48,0,15,16,24,31,33,48,42,16,17,48,0,16,17,24,33,35,48,42,17,18,48,0,17,18,24,35,37,48,42,18,19,48,0,18,19,24,37,39,48,42,19,20,48,0,19,20,24,39,41,48,42,20,21,48,0,20,21,24,41,43,48,42,21,22,48,0,21,22,24,43,45,48,42,22,23,48,0,22,23,24,45,47,48,42,23,0,48,0,23,0,24,47,0,48,42,25,24,49,0,1,0,24,2,1,49,42,26,25,49,0,2,1,24,4,2,49,42,27,26,49,0,3,2,24,6,4,49,42,28,27,49,0,4,3,24,8,6,49,42,29,28,49,0,5,4,24,10,8,49,42,30,29,49,0,6,5,24,12,10,49,42,31,30,49,0,7,6,24,14,12,49,42,32,31,49,0,8,7,24,16,14,49,42,33,32,49,0,9,8,24,18,16,49,42,34,33,49,0,10,9,24,20,18,49,42,35,34,49,0,11,10,24,22,20,49,42,36,35,49,0,12,11,24,24,22,49,42,37,36,49,0,13,12,24,26,24,49,42,38,37,49,0,14,13,24,28,26,49,42,39,38,49,0,15,14,24,30,28,49,42,40,39,49,0,16,15,24,32,30,49,42,41,40,49,0,17,16,24,34,32,49,42,42,41,49,0,18,17,24,36,34,49,42,43,42,49,0,19,18,24,38,36,49,42,44,43,49,0,20,19,24,40,38,49,42,45,44,49,0,21,20,24,42,40,49,42,46,45,49,0,22,21,24,44,42,49,42,47,46,49,0,23,22,24,46,44,49,42,24,47,49,0,0,23,24,1,46,49],
            "skinWeights": [],
            "influencesPerVertex": 2,
            "name": "CylinderGeometry"
        },
        "materials": [{
            "colorAmbient": [0.690196,0.690196,0.690196],
            "wireframe": false,
            "DbgName": "b0b0b0",
            "depthTest": true,
            "shading": "phong",
            "specularCoef": 50,
            "transparent": false,
            "DbgIndex": 0,
            "visible": true,
            "colorEmissive": [0,0,0],
            "blending": "NormalBlending",
            "DbgColor": 15658734,
            "opacity": 1,
            "colorSpecular": [0.001176,0.001176,0.001176],
            "depthWrite": true,
            "colorDiffuse": [0.690196,0.690196,0.690196]
        }],
        "uuid": "DCA24E96-9468-357E-AD01-3232BB5D898A"
    }],
    "materials": [{
        "depthTest": true,
        "type": "MeshPhongMaterial",
        "uuid": "B92F5ACA-E24A-3A69-B2DD-69B8C9C5682C",
        "ambient": 11579568,
        "vertexColors": false,
        "blending": "NormalBlending",
        "depthWrite": true,
        "color": 11579568,
        "name": "b0b0b0",
        "shininess": 50,
        "emissive": 0,
        "specular": 0
    }],
    "images": [],
    "textures": [],
    "object": {
        "matrix": [1,0,0,0,0,1,0,0,0,0,1,0,0,0,0,1],
        "type": "Scene",
        "children": [{
            "name": "Cylinder",
            "uuid": "5267BF4F-D758-3B25-9F2C-ED4EFC102E6F",
            "matrix": [-1,0,0,0,0,0,1,0,0,1,0,0,0,0,0,1],
            "visible": true,
            "type": "Mesh",
            "material": "B92F5ACA-E24A-3A69-B2DD-69B8C9C5682C",
            "castShadow": true,
            "receiveShadow": true,
            "geometry": "DCA24E96-9468-357E-AD01-3232BB5D898A"
        }],
        "uuid": "8CF2221A-2BE6-47DD-95AF-D7C1DE0376DB"
    },
    "metadata": {
        "type": "Object",
        "generator": "io_three",
        "version": 4.4
    }
}